looking,44
second,20
here,88
china,21
kids,28
military,21
music,16
until,24
99,12
hold,15
travel,11
machine,12
wrong,13
thrones,13
series,26
re,21
yesterday,17
ate,20
episode,18
released,14
lpt,11
came,21
than,80
net,11
fair,11
best,76
irl,57
country,20
asked,20
much,48
life,56
child,18
player,16
things,31
dunkirk,16
birth,11
right,61
old,92
people,98
fox,13
o,41
son,41
support,12
happy,44
actor,19
transgender,19
time,139
leave,13
team,25
sign,23
love,69
working,13
films,22
awesome,11
such,15
data,12
course,11
hot,16
dodgers,13
million,22
one,195
vote,15
open,21
city,31
2,107
future,16
russia,58
sam,19
turned,14
say,59
saw,25
federal,16
walking,15
going,55
many,24
can't,48
anti,14
west,17
wants,14
former,21
technology,11
threatens,12
trump's,68
putin,26
summer,27
color,11
around,19
dark,19
world,54
couldn't,12
power,23
favorite,38
act,11
mean,13
image,22
hey,14
ad,12
cream,16
congress,21
original,18
tv,14
small,13
past,14
pass,13
full,27
hours,17
more,106
teen,11
door,17
beautiful,24
plans,11
trade,21
its,41
found,100
w,16
guess,17
also,25
play,19
cover,11
giving,11
gold,13
set,33
sex,21
see,56
sea,14
we've,11
fire,29
what's,44
funny,14
person,24
kelly,23
amp,73
parents,13
couple,16
d,26
communications,32
senate,17
dictated,12
anything,17
into,73
poster,14
un,11
uk,12
ago,29
age,19
young,17
having,14
try,17
video,55
haiku,12
let,29
great,62
makes,22
next,28
baby,42
high,35
move,14
perfect,19
2017,64
2016,23
doing,23
',20
could,50
david,16
scene,21
start,27
system,15
tonight,14
face,37
should,68
hope,18
h,15
email,13
drug,12
co,12
vs,41
tattoo,17
ball,14
off,67
paul,12
government,14
become,11
does,52
asks,11
angeles,12
official,25
problem,14
monday,22
chance,12
repeal,15
rule,12
worth,16
red,30
told,19
daughter,19
work,68
fat,11
law,27
worst,20
order,31
office,24
nsfw,18
then,29
coffee,12
they,126
l,12
maduro,17
another,28
comic,12
john,35
dogs,11
germany,13
voting,12
de,14
dc,12
away,35
we,153
wp,11
air,21
confirmed,15
hand,17
priebus,13
photo,24
thanks,21
night,44
born,12
comments,19
asking,14
post,77
months,21
anime,25
fight,26
way,59
war,34
taken,12
true,21
test,16
welcome,13
update,16
let's,17
together,19
battle,16
obamacare,54
gun,13
p,20
guy,70
popular,12
teacher,11
change,21
live,37
car,46
cat,38
heart,13
didn't,20
heard,11
discussion,16
remember,22
still,69
james,11
fired,19
ex,15
year,86
space,11
shows,20
card,11
care,38
tomorrow,17
friend,50
online,16
price,14
america,17
mrw,11
title,14
only,85
3,74
between,22
these,77
haven't,12
media,13
food,12
death,19
real,40
rules,17
early,16
using,16
t,72
business,16
isn't,15
los,13
low,22
lot,23
trying,34
month,21
very,33
i'll,16
inspired,13
family,35
ask,14
0,21
broke,12
history,16
tried,13
tries,12
read,12
help,45
soon,11
hell,17
actually,27
you've,13
trailer,21
since,30
7,25
base,11
put,27
terrible,11
american,18
station,12
store,23
less,25
pretty,25
during,45
x,67
close,14
won,17
probably,15
both,11
jeff,15
sanders,20
else,20
anthony,45
pack,14
ready,13
deadpool,11
anymore,15
used,30
000,29
game,95
some,113
himself,20
russian,23
department,13
e,33
youtube,13
go,54
plays,11
vega,14
collins,11
win,27
camera,13
starter,11
sanctions,36
meet,19
healthcare,16
won't,15
hands,12
front,19
map,14
special,18
memes,11
florida,12
times,21
you're,45
attack,18
need,53
so,159
anyway,12
based,12
officials,17
state,31
group,16
hits,13
sniff,11
policy,12
party,28
effect,14
ama,12
sources,12
lost,30
twitter,22
home,43
washington,11
north,52
star,22
nintendo,15
friends,28
look,57
force,18
even,41
while,51
ever,65
men,26
drew,13
met,15
100,26
campaign,15
county,11
mooch,20
call,35
tell,18
room,35
roof,12
movies,57
give,27
amazing,12
president,53
attempt,11
third,13
before,58
better,36
weeks,20
arrested,13
went,22
side,21
venezuela,11
girls,16
mine,16
seen,41
tells,13
don,16
m,24
dog,50
subreddit,12
here's,18
stop,43
bar,13
bad,34
ban,16
decided,15
said,28
there's,20
olympics,12
reddit,24
against,43
rep,11
three,20
near,14
study,22
thoughts,13
kid,26
left,29
just,160
human,15
yes,15
yet,22
character,18
save,20
deal,22
dead,31
super,18
down,60
classic,11
shit,24
dies,11
weekend,16
jones,20
shot,27
father,12
finally,44
die,17
run,24
french,13
box,17
boy,14
hbo,12
making,25
crazy,11
firing,12
fuck,30
may,31
guys,40
man,84
maybe,14
switch,14
talk,27
cute,19
police,50
thank,19
interesting,15
texas,17
killed,17
rock,23
girl,38
california,11
where,37
thing,33
think,82
first,146
americans,11
long,40
little,75
anyone,35
meme,16
eyes,12
11,25
10,57
12,19
15,23
17,11
shop,12
rating,15
show,44
behind,12
black,31
morning,24
seat,14
wonder,17
enough,21
across,13
august,19
killing,11
traded,14
those,28
sound,12
them,60
middle,11
different,17
pay,13
same,24
running,13
among,11
money,25
4,45
mom,21
seconds,14
island,15
wasn't,16
leaked,13
film,58
again,37
2meirl4meirl,20
chris,15
starting,13
forget,15
dollar,11
sitting,12
lawyer,15
public,24
airport,13
two,56
town,11
share,16
needs,12
advice,14
coming,31
facebook,15
playing,23
that's,30
through,39
25,16
20,24
late,13
good,81
everyone,28
house,131
hard,21
idea,18
members,15
done,21
least,15
statement,21
park,24
part,22
believe,14
b,20
2028,11
built,13
most,79
find,30
waiting,14
8,29
please,20
fans,15
point,12
secret,12
meeting,22
bill,33
fun,19
moment,15
spent,12
cut,21
source,19
big,49
google,18
back,85
per,12
ufc,12
homemade,16
planet,11
single,18
arpaio,19
bernie,14
body,17
others,12
31,15
30,15
named,13
upcoming,12
f,17
contempt,16
chief,32
la,13
criminal,15
dad,23
day,107
south,20
mid,12
staff,35
bear,12
national,23
interview,13
reform,12
joke,19
taking,17
it's,99
almost,20
administration,15
thought,33
latest,14
lake,14
like,185
hair,11
host,12
flake,16
female,12
buy,19
j,11
minutes,17
domino,11
pic,16
shooting,11
out,200
hate,17
under,23
every,39
school,34
enjoy,13
street,14
blue,17
changed,13
would,80
phone,21
must,27
keep,18
end,31
over,123
each,15
driving,18
god,26
got,106
gop,36
free,46
wanted,15
days,46
already,19
top,39
bitcoin,15
took,26
earth,18
watch,27
amazon,17
report,23
news,43
games,24
bathroom,11
been,81
republicans,22
n,24
greatest,13
mother,12
furry,20
gave,12
judge,21
50,22
officer,11
donald,55
election,15
ice,32
everything,19
attacks,12
misleading,15
class,21
head,21
6,32
heat,14
no,132
picture,38
cool,19
level,11
democrats,13
goes,22
water,28
sheriff,19
guilty,19
weird,11
shark,12
crisis,11
sessions,11
states,16
trump,380
1,72
huge,12
he's,37
happened,18
name,32
turn,14
place,22
white,127
gives,15
season,29
r,119
any,41
sure,22
later,22
college,14
review,23
come,30
reaction,11
poll,23
case,25
myself,16
someone,49
reminder,11
week,45
director,55
without,21
model,12
kill,15
seems,15
'the,12
ok,13
oh,27
oc,56
or,76
there,78
5,54
trash,11
spoilers,26
calls,18
wife,35
chinese,15
pence,16
hmmm,11
woman,29
song,15
far,18
fan,17
design,15
what,274
sub,14
emoji,18
knows,12
known,11
court,16
breaking,14
short,11
venezuelan,15
might,21
brother,15
health,58
thread,14
feel,29
story,27
passed,11
king,11
kind,15
nothing,14
windows,13
hit,36
art,20
korea,38
recently,12
c,28
became,11
sweet,17
political,15
shirt,11
9,16
questions,11
workers,13
fucking,13
question,14
we're,12
today,99
called,27
warning,12
nice,23
once,19
steve,13
use,30
stream,12
few,25
women,20
tax,18
something,43
united,21
instead,19
light,16
looks,50
crash,11
republican,14
our,77
chaos,18
york,15
g,12
birthday,28
doesn't,35
their,70
july,15
which,42
who,126
movie,128
chicken,14
rosenthal,11
local,26
watching,13
cubs,13
view,11
bought,15
job,30
joe,39
walk,11
last,71
gets,35
half,17
scaramucci,77
other,47
know,70
because,50
lead,15
getting,43
own,22
darvish,11
i've,39
record,11
book,19
